{
  "model_name": "trained_model.pkl",
  "model_type": "A:xgboost",
  "calibrated": false,
  "imbalance_strategy": "Option A (scale_pos_weight)",
  "scale_pos_weight": 8.937888198757763,
  "smote_applied": false,
  "selection_metric": "f1_minority_class",
  "f1_optimal_threshold": 0.46374616026878357,
  "screening_threshold": 0.33027005195617676,
  "training_metrics": {
    "cv_f1_mean": 0.3246614011905842,
    "cv_recall_mean": 0.626460248415119,
    "cv_precision_mean": 0.21910687306039045,
    "cv_auc_mean": 0.6981718647836191
  },
  "test_metrics": {
    "f1": 0.32382401420058327,
    "recall": 0.6346918489065606,
    "precision": 0.21736170212765957,
    "roc_auc": 0.6981224864510955,
    "accuracy": 0.73335
  },
  "baseline_metrics": {
    "f1": 0.3246,
    "recall": 0.6436,
    "precision": 0.2171,
    "roc_auc": 0.6967
  },
  "improvement_over_baseline": {
    "f1_delta": -0.0007759857994167341,
    "recall_delta": -0.008908151093439343,
    "precision_delta": 0.0002617021276595799,
    "auc_delta": 0.0014224864510955504
  },
  "purpose": "Mental health screening (model-driven scoring)",
  "training_date": "2026-03-23T00:30:34.647368",
  "dataset_name": "student_lifestyle_100k.csv",
  "dataset_size": 100000,
  "class_distribution": {
    "0": 89938,
    "1": 10062
  },
  "selected_threshold": 0.46374616026878357,
  "metrics": {
    "accuracy": 0.73335,
    "precision": 0.21736170212765957,
    "recall": 0.6346918489065606,
    "f1": 0.32382401420058327,
    "roc_auc": 0.6981224864510955,
    "confusion_matrix": [
      [
        13390,
        4598
      ],
      [
        735,
        1277
      ]
    ]
  },
  "cv_metrics": {
    "accuracy": 0.73335,
    "precision": 0.21910687306039045,
    "recall": 0.626460248415119,
    "f1": 0.3246614011905842,
    "roc_auc": 0.6981718647836191
  },
  "legacy": {
    "test_accuracy": 0.73335,
    "test_roc_auc": 0.6981224864510955,
    "cv_mean_accuracy": 0.73335,
    "cv_mean_auc": 0.6981718647836191,
    "roc_auc": 0.6981224864510955
  }
}